epoch,g_loss,d_loss
1,0.8366309137179934,1.2751417488887393
2,1.028715544733508,1.1585428344792332
3,1.135667554263411,1.1527806561568688
4,1.1415147945798676,1.1422674203741139
5,1.1736033086119027,1.1107127625366737
6,1.228237690596745,1.0672765189203723
7,1.3191528525845757,1.018283169845055
8,1.4141182118448719,0.9617213113554592
9,1.5190844576934288,0.9187956041303175
10,1.6423935725771148,0.8871496833603958
11,1.7124872043214996,0.8448353286447197
12,1.7909189421555092,0.8196003395935585
13,1.8356666606048058,0.8142124537763924
14,1.8976718516185367,0.7968288721709416
15,1.8920619364442497,0.8006212814100857
16,1.9047143336000114,0.790416419506073
17,1.9942730541886955,0.792098528352277
18,1.972326007382623,0.7820963736238151
19,1.9795538022600372,0.7735592188506291
20,2.007087777400839,0.7659543238837143
21,2.04862091459077,0.7556451723493379
22,2.091086268424988,0.7538653612136841
23,2.1205943987287323,0.7458706210399496
24,2.2219891095983573,0.7338300552861444
25,2.201096403187719,0.7276611492551607
26,2.2766800255611024,0.7148041910138624
27,2.240562237542251,0.7086649824833048
28,2.297695283232064,0.7115439608179289
29,2.3474859656958746,0.6955866793106342
30,2.419315683430639,0.6848417273883162
31,2.3835445683577965,0.6718441679559904
32,2.4103079582082816,0.6611310305266545
33,2.5229275843192793,0.6755312598984817
34,2.5209836630985656,0.6689447986668554
35,2.6183891173066765,0.6563327579662718
36,2.7109364723337106,0.6432396029603893
37,2.63770971627071,0.6677432964588034
38,2.6158591138905494,0.6448914860856945
39,2.6887122927040887,0.6517801202576736
40,2.6897833922813676,0.644559383392334
41,2.6378785577313653,0.6469533001554424
42,2.785602857326639,0.6373444898375149
43,2.713426450203205,0.628771463344837
44,2.956079622794842,0.6485543775147405
45,2.7768997734990615,0.6287284329019743
46,2.7544894793937944,0.6526478508423115
47,2.89353400263293,0.6209633052349091
48,2.965992031426265,0.6533136840524345
49,2.833502876347509,0.6020086068531563
50,3.1080590034353324,0.6169620053521518
51,2.9773752689361572,0.6412840886362667
52,2.870751216493804,0.6365928742392309
53,2.8313908741391938,0.6448962390422821
54,2.8759134720111716,0.6647632111763132
55,2.9994267513012063,0.6273159384727478
56,3.066611717487204,0.6288931842507988
57,3.092505093278556,0.6592291367465052
58,2.9879714209457924,0.6581334214786003
59,2.793897875424089,0.6769171223558229
60,2.936373390000442,0.648356549698731
61,3.1912747991496118,0.6092416048049927
62,3.3094217448398986,0.6534576580442232
63,3.2196156978607178,0.6567834266300859
64,2.9878489066814553,0.6143227373731548
65,2.8687274044957656,0.6335279674365603
66,3.1802082966113914,0.6589389628377454
67,3.272261438698604,0.6433525352642454
68,2.935714947766271,0.6728845053705675
69,2.9687786513361436,0.6408483252443117
70,3.0269466063071944,0.6285768089623287
71,3.0922711018858284,0.6510980149795269
72,2.91988494478423,0.6942942306913179
73,3.221266031265259,0.6571451589978975
74,2.987242238274936,0.641644888910754
75,3.1234426745052994,0.6558705352503678
76,3.0645149165186387,0.6604651027712328
77,3.0929209404978257,0.6366642538843483
78,3.1098401628691574,0.6356469300286524
79,3.166812913171176,0.6160964616413774
80,3.1551652447930696,0.6649563456403798
81,2.900347421909201,0.6510900413167888
82,2.8924591623503586,0.660645440734666
83,3.1889487217212547,0.6595227810843237
84,2.815771485197133,0.6489287327075827
85,2.9768130984799615,0.6703515659118521
86,3.212322876371186,0.6311648005041582
87,3.1907803066845597,0.6639477518098108
88,3.1222867760164985,0.6495395251389208
89,3.115678622804839,0.6456372748161184
90,3.0778110438379747,0.6337821031438893
91,3.211289775782618,0.6488594782763514
92,2.977194740854461,0.6378432388963371
93,3.2624600591330695,0.6330560394402208
94,3.55195323352156,0.6209368602982883
95,3.1245836471689157,0.6630509649885112
96,2.9758148193359375,0.6704605211471689
97,3.0795977526697618,0.6526527517828448
98,2.932310778519203,0.6715340583488859
99,2.81558829751508,0.6493250481013594
100,2.9890600525099655,0.6834669421459066
101,3.147111124005811,0.6058389811680235
102,3.2196825701614906,0.6411989413458725
103,2.915595864427501,0.6470444099656467
104,2.99297139151343,0.6622744778106953
105,2.8728319570936005,0.6251233713380222
106,3.176032839150264,0.6843693492741421
107,2.955963578717462,0.638429809233238
108,2.8947402814338945,0.668749632506535
109,3.3839707456786057,0.6233805222757931
110,2.8980854708572914,0.6619458794593811
111,2.9353512566665123,0.6667366212811964
112,3.281623149740285,0.66936830199998
113,3.0242324204280457,0.6820298659390417
114,2.970679887409868,0.7145517869242306
115,2.8897919449312934,0.6861332418589756
116,2.7400880928697258,0.7038682051773729
117,3.051165214900313,0.6332078041701481
118,2.980375832524793,0.6633265121229763
119,2.8778582194755815,0.6360355615615845
120,3.1382385944497995,0.6512013386035788
121,3.0460892833512405,0.6603665886254146
122,2.9728032761606675,0.6787247205602711
123,2.9479285067525405,0.6371626360663052
124,2.921476598443656,0.6424518165917232
125,2.6472002843330644,0.7154292813662825
126,2.5927473060015975,0.6610319213620548
127,2.7904306732375046,0.6668275574157978
128,2.7929378871260018,0.6885974509962673
129,2.683099923462703,0.7184913456439972
130,3.0628099277101715,0.6536043347983524
131,3.248038439915098,0.6502385776618431
132,2.7560999105716575,0.7108573523061029
133,2.971162504163282,0.6895732951575312
134,2.8333517518536797,0.7274953846273751
135,2.922371432699006,0.6999941529898808
136,2.77440554931246,0.7682182295569058
137,2.8520318804116083,0.6765697331264101
138,3.046184202720379,0.68977942035116
139,2.808213760112894,0.7010302050360318
140,2.895576633256057,0.6730224284632452
141,3.0831508266514747,0.6632120455133503
142,2.7984827510241805,0.6839300106311667
143,2.8597339679454934,0.701342566259976
144,2.770990519688047,0.7112612272131031
145,2.7995398907825866,0.7016338993763102
146,2.8606265413350074,0.6641127241068873
147,3.0493287094708146,0.6884300431300854
148,2.7891859926026443,0.739308934787224
149,2.8833796402503706,0.7571070687524204
150,3.025496343086506,0.7072765765518978
151,2.746033557530107,0.7000872441406908
152,2.7788522736779573,0.7283230804163834
153,3.01335831346183,0.6601496009991087
154,2.9883224923035194,0.7211595002947182
155,2.6645168559304597,0.6881563262692814
156,2.955787547703447,0.7188896886233626
157,2.7903885718049675,0.7125070423915468
158,3.020586811262986,0.6705720969315233
159,3.0166902829860818,0.7498976547142555
160,2.748422647344655,0.7271138707111622
161,2.727448451107946,0.7092488469748661
162,2.962432836664134,0.7527219570916275
163,2.9021080197959113,0.7290049585802801
164,2.8511615251672677,0.7288055594625145
165,2.888856945366695,0.7322683169923979
166,2.8206886998538314,0.7134921807667305
167,2.753856794587497,0.7271639458064375
168,2.9173981650122283,0.6951738554855873
169,2.8435249205293327,0.6779614347836067
170,2.822971257670172,0.7360400197834804
171,2.783279669695887,0.7230387895271696
172,2.9590717841838967,0.670950625477166
173,2.798562534924211,0.6889030429823645
174,2.702776921206507,0.6849284593401284
175,3.0326020594300895,0.6941496246847613
176,2.642555935629483,0.7386242418453611
177,2.5034175453514886,0.7517863614805813
178,3.036072007540999,0.6773082326198446
179,2.6087422083164085,0.6922267891209701
180,3.231630382866695,0.7222890689455229
181,3.1303609157430716,0.7006003969702227
182,2.7863400722372123,0.7204012171975498
183,2.889492158232064,0.7102985721209953
184,2.5053065193110498,0.733692996460816
185,2.5799863502897065,0.7170264844236702
186,2.8150423189689375,0.7081825332394962
187,2.8938432438620207,0.7164220984639793
188,2.5192778233824105,0.7459066284113917
189,3.125287730118324,0.6592333573719551
190,3.0126451377210945,0.6928970854857872
191,3.0013065995841193,0.6468240012382639
192,2.8156994827862443,0.7081175539000281
193,3.0068072368358743,0.7273605126759102
194,3.0118558160189925,0.6281628207913761
195,2.668325128226445,0.7094308538683529
196,3.0200457449617057,0.7393706954758743
197,3.079797522775058,0.727430671453476
198,2.9461187576425485,0.7565963329940006
199,2.8716460425278236,0.6876394132087971
200,3.116272079533544,0.6808700479310135
201,3.1925277586640983,0.675288417216005
202,2.949208904956949,0.6867117820114925
203,2.989056472120614,0.7253910909438955
204,2.73801117929919,0.7802044451236725
205,2.8658929158901345,0.736507034507291
206,2.970639409690068,0.6695674092605196
207,3.0581571932496696,0.7345816904100878
208,2.8571027476212074,0.7250159865823286
209,3.0116986488473825,0.7044938042246062
210,3.024616940268155,0.7320659386700598
211,2.9605870534633767,0.6745987493416359
212,2.885776326574128,0.6993403794436619
213,2.7048179116742364,0.6691525938182041
214,2.8376886967954964,0.6804414514837593
215,3.1169658036067567,0.7201418013408266
216,2.972415932293596,0.7138912924404802
217,2.9618774816907685,0.7173684270217501
218,2.910604785228598,0.6842504153991568
219,3.063628731102779,0.6872276519906932
220,3.0988044245489714,0.7389345631517213
221,2.7481206162222502,0.785166674646838
222,2.9646380769795386,0.6641359863610103
223,2.9047574709201682,0.715614100982403
224,2.8955928087234497,0.7222728205138239
225,3.1008344642047225,0.6855578062863186
226,2.931609634695382,0.6881236341492883
227,2.9940666330271752,0.7618593861316812
228,3.0956850627373003,0.632283184035071
229,2.9418884639082283,0.7067137319466164
230,2.9790512282272865,0.7875405180043188
231,2.9112190049270104,0.6609659451862862
232,3.292786195360381,0.7336553931236267
233,2.8267386535118364,0.6993739121946795
234,2.951172688911701,0.7109745011247438
235,3.1820978995027214,0.7014722628840084
236,3.0527638608011705,0.6903077230371278
237,2.9623123818430406,0.6950849459089082
238,2.901213053999276,0.6607464819118894
239,3.1476776969843896,0.7496889007502588
240,2.8998188972473145,0.680609124487844
241,3.0147757530212402,0.7382797598838806
242,3.0062313901967017,0.6883562566905186
243,2.9708996846758087,0.7396700947449125
244,3.1534415894541246,0.6014371689023643
245,2.77539572633546,0.7028829147075785
246,3.0691801062945663,0.6716626656466517
247,3.0243221274737655,0.7115986028621937
248,3.0571955360215286,0.7119058699443422
249,3.1192372461845137,0.736690139976041
250,3.007876626376448,0.6577221103783312
251,2.6966353531541496,0.7133929616418379
252,2.9953575956410377,0.6639801058275946
253,3.363900118860705,0.7113002415361076
254,3.0589096833919656,0.7087227239690977
255,2.77186408125121,0.702545485619841
256,3.0875033057969192,0.6767740804573585
257,2.9875351807166792,0.7374718816115938
258,3.173699584500543,0.7520794621829329
259,3.0670901660261483,0.6404628815322086
260,2.8045978505035927,0.7637914563047474
261,3.011691220875444,0.6674132696513472
262,3.1279697500426193,0.7251648923446392
263,2.9485249519348145,0.670205060777993
264,3.205667183316987,0.6827859837433388
265,2.8010853611189743,0.7086926431491457
266,2.6229243525143326,0.7742315314967056
267,3.02736077637508,0.7152503954953161
268,3.0790402478185195,0.7075085085013817
269,2.9013588181857406,0.6860846846268095
270,3.044144844186717,0.7022585653025528
271,2.9654343827017424,0.6910532055229976
272,2.823038705464067,0.7334499544110792
273,3.0774668496230553,0.7360828786060728
274,2.914160835331884,0.6938040266776907
275,3.2471486453352303,0.6456473048391014
276,2.723124701401283,0.7020247054511103
277,3.1607477048347734,0.7258669384594622
278,2.739100928964286,0.7004212459613537
279,2.9639404231104356,0.6874658064595585
280,3.01650293531089,0.743782678554798
281,2.9740003840676668,0.6880526460450271
282,3.0561958428086906,0.673134989779571
283,2.911442966296755,0.6862516660114815
284,3.043619098334477,0.6427386269487184
285,3.040535511641667,0.7170857365789085
286,3.0567049980163574,0.6849347558514826
287,3.039589602371742,0.7120388869581551
288,3.3334591100955833,0.6745299809965594
289,2.901507784580362,0.6934847492596199
290,2.9139544100596986,0.7184815869249147
291,2.8582939032850594,0.7071949305205509
292,3.0858124535659264,0.6378797210496048
293,2.9794770109242408,0.7166350103657821
294,2.8492960559910743,0.707395122996692
295,3.223396950754626,0.67801692465256
296,3.166968382638076,0.6616614779521679
297,2.66985009456503,0.6846825542121098
298,3.1200352537220923,0.6693454960296894
299,3.2354232155043503,0.6636023685849947
300,3.129212806964743,0.7047808530001805
